No,First Name,Middle Name,Last Name,Birth Date(yyyy-mm-dd),Gender,Marital Status,Philhealth Membership Type,Contact,Citizenship,Religion,Occupation,Vaccination Status,Address
1,Jake,Falcon,Valedino,1/11/1965,Male,Single,None,9259558945,Filipino,Roman Catholic,,Vaccinated,Lemon drive
2,Eri,Pascua,Vilanueva,2/14/1958,Male,Single,OFW,9245443474,Filipino,Roman Catholic,Engineer,Vaccinated,"Toron drive, Mongo rd."
3,Benjamin,Beckham,Beckman,1/20/1972,Male,Married,Employed,9233334383,Filipino,Protestant,Dentist,Vaccinated,Pyesa drive
4,Mohammed,Jojo,Avdol,3/3/1953,Male,Single,Senior,9366664686,Filipino,Islam,Janitor,Vaccinated,Manual drive
5,Jolyne,Joestar,Cujoh,9/9/1979,Female,Single,None,9854855555,Filipino,Protestant,Waitress,Vaccinated,Kujo compound
6,Andrea,Empanada,Rosa,7/21/1984,Female,Married,Employed,9243343524,Filipino,Roman Catholic,Model,Unvaccinated,Teresa drive
7,Angelica,Manyana,Bukas,6/24/1990,Female,Single,Employed,9443546666,Filipino,Roman Catholic,IT,Unvaccinated,Teresa drive
8,Gary,Ropas,Rondo,12/12/1984,Male,Single,None,9233334383,Filipino,Roman Catholic,Electrician,Vaccinated,Paa compound
9,Israel,Vino,Alma,11/11/1992,Male,Married,Employed,9434435586,Filipino,Roman Catholic,Teacher,Vaccinated,Mira street
10,Ansel,Bien,Poquito,10/1/1993,Male,Single,Employed,9454364423,Filipino,Roman Catholic,Sound Engineer,Vaccinated,Mira street
11,Sonya,Itaas,Ariba,8/15/1952,Female,Married,Senior,9466629386,Filipino,Roman Catholic,,Vaccinated,Grapefruit drive
